==> Original Data <==
+-------+------------------------+----------+------+--------------------------+-----------+
|cust_id|cust_name               |dob       |salary|email_id                  |ssn        |
+-------+------------------------+----------+------+--------------------------+-----------+
|201    |Gulam Jeelani           |01-01-1972|200520|princejeelani08@gmail.com |852-36-9147|
|202    |Nithin Joy A            |23-05-1984|150580|nithin.a05@yahoo.com      |945-13-6250|
|203    |Saurabh Nautiyal        |15-11-1991|235410|saurabh.nautiyal1@live.com|225-00-4785|
|204    |Livingston Anthony Swamy|20-04-1954|854621|livingston.A@microsoft.com|415-00-7539|
+-------+------------------------+----------+------+--------------------------+-----------+

Data After conversion

==> Masked Data <==
+-----------+------------------------+-------------+------+--------------------------+-----------+
|Customer ID|Customer Name           |Date of Birth|Salary|Email id                  |SSN        |
+-----------+------------------------+-------------+------+--------------------------+-----------+
|579        |Tfozn Qvvozmr           |79-79-9235   |577657|kirmxvqvvozmr70@tnzro.xln |556-77-8306|
|571        |Qlb Mrgsrm Z            |51-76-9208   |967607|mrgsrm.z76@bzsll.xln      |065-14-2983|
|575        |Zmgslmb Orermthglm Hdznb|96-99-9229   |516897|hzfizys.mzfgrbzo9@orev.xln|286-91-4567|
|578        |Hzfizys Mzfgrbzo        |57-78-9268   |068459|orermthglm.Z@nrxilhlug.xln|896-77-3612|
+-----------+------------------------+-------------+------+--------------------------+-----------+
